target,model,cv_rmse_mean,cv_rmse_std,cv_r2_mean,cv_r2_std,test_rmse,test_mae,test_r2
proof_stress_mpa,gradient_boosting,13.041124718211856,0.50508849888516,0.921986134991626,0.004720850087665392,12.973971619546063,9.366523796219155,0.9196480053764918
proof_stress_mpa,extra_trees,16.51199618534214,0.9700865209661249,0.8743653143905507,0.015820791969080084,14.996882921549185,10.58430292975919,0.8926374601767619
proof_stress_mpa,random_forest,16.052979707840475,0.5150859781740863,0.8814051572407205,0.011442772102527362,15.017029555685482,10.321607546544145,0.8923488073025395
uts_mpa,gradient_boosting,22.260614892320326,3.3986184488069524,0.9425681456398758,0.015934953519719706,26.18401760464534,12.43388111525957,0.9219416504591311
uts_mpa,random_forest,24.778813205620548,3.0982346608638536,0.9292390417601405,0.015438662007487634,26.7295353389815,13.198776239173748,0.9186552340284366
uts_mpa,extra_trees,24.907470010279717,1.9882594891112504,0.9289470128419683,0.009200545627457597,26.913426852785094,13.16075380009171,0.9175321267661232
