prediction,uncertainty_std,lower_95,upper_95
591.2577182962979,22.670750264862388,546.8230477771676,635.6923888154281
510.87932818022534,10.535189221332809,490.23035730641305,531.5282990540377
471.3347270168851,5.817554884136732,459.9323194439771,482.7371345897931
458.59106250389584,5.324747405338792,448.1545575894318,469.02756741835987
456.49336133546063,5.363148693882083,445.98158989545175,467.0051327754695
